id,name,slug,destinationId,attractionId,image,description,duration,price,rating,reviewsCount,category,highlights,included,excluded,meetingPoint,itinerary,gallery
"bali-sunset-temple-program","Tanah Lot Sunset & Cultural Temple Program","bali-sunset-temple-program","bali","tanah-lot","https://images.unsplash.com/photo-1537996194471-e657df975ab4?auto=format&fit=crop&w=800&q=80","Witness the iconic sea temple Tanah Lot at golden hour, learn Balinese mythologies, and experience traditional cleansing rituals.","6 Hours","735000","4.8","312","Cultural Immersion","["Private hotel pickup","Skip-the-line entrance tickets","Expert Balinese historian guide","Sunset photo spots"]","["Air-conditioned transport","Entrance fees","Local mineral water","Sarong rental"]","["Dinner costs","Personal expenses","Guide tips"]","Hotel Lobby pickup (Kuta/Seminyak/Ubud/Nusa Dua)","[{"title":"1:30 PM - Hotel Pickup","activities":["Meet private driver","Drive to Tabanan through scenic rice views"]},{"title":"3:00 PM - Royal Family Temple","activities":["Visit Taman Ayun, Royal Family Temple","Stroll through water garden moat"]},{"title":"5:00 PM - Tanah Lot Coastline","activities":["Arrive at Tanah Lot ocean cliffs","Explore historical sea shrines","Holy water cleansing option"]},{"title":"6:00 PM - Sunset & Kecak Dance","activities":["Enjoy dramatic sunset views","Kecak dance performance","Return to hotel"]}]","["https://images.unsplash.com/photo-1537996194471-e657df975ab4?auto=format&fit=crop&w=800&q=80","https://images.unsplash.com/photo-1537996194471-e657df975ab4?auto=format&fit=crop&w=800&q=80"]"
"ubud-arts-monkey-forest","Ubud Art Guild & Sacred Monkey Forest Safari","ubud-arts-monkey-forest","bali","ubud-monkey-forest","https://images.unsplash.com/photo-1507525428034-b723cf961d3e?auto=format&fit=crop&w=800&q=80","Explore Ubud's famous woodcarving villages, walk the sacred monkey forest, swing over rice terraces, and visit local craft markets.","8 Hours","585000","4.7","185","Nature and Eco-Tourism","["Interact with macaque monkeys","Scenic jungle swings","Batik and woodcarving workshops","Organic plantation lunch"]","["Private SUV Transport","All admission tickets","Local program driver","Traditional Indonesian lunch"]","["Jungle swing fee (optional)","Souvenirs","Drinks"]","Ubud central hotels or Denpasar meeting point","[{"title":"08:30 AM - Morning Departure","activities":["Pickup from accommodation","Travel to Celuk silver village"]},{"title":"10:00 AM - Monkey Forest Walk","activities":["Walk the nutmeg forest pathways","Observe monkeys in ancient temples","Learn ecological balance efforts"]},{"title":"12:30 PM - Plantation Lunch","activities":["Indonesian buffet with views of deep forest valleys","Herbal coffee tasting"]},{"title":"03:00 PM - Art Market & Crafts","activities":["Shop at Ubud Art Market","Visit Royal Ubud Palace and batik artists"]}]","["https://images.unsplash.com/photo-1507525428034-b723cf961d3e?auto=format&fit=crop&w=800&q=80"]"
"uluwatu-kecak-seafood","Uluwatu Cliffside Kecak Fire Dance & Jimbaran Seafood Dinner","uluwatu-kecak-seafood","bali","uluwatu-temple","https://images.unsplash.com/photo-1537996194471-e657df975ab4?auto=format&fit=crop&w=800&q=80","Witness the epic Ramayana fire dance at the edge of the world, followed by a romantic candlelit seafood dinner on Jimbaran Beach.","7 Hours","1185000","4.9","428","Cultural Immersion","["Uluwatu Cliff Sunset views","Folk Kecak dance tickets","Candlelit dinner on beach sand","Fresh Jimbaran seafood platter"]","["Roundtrip hotel shuttle","Temple admissions","Kecak Dance seat reservation","Gourmet seafood dinner"]","["Alcoholic beverages","Personal tips"]","Hotel pickup across Bali","[{"title":"03:00 PM - Afternoon Pick-up","activities":["SUV transit to Uluwatu peninsula"]},{"title":"04:30 PM - Uluwatu Temple Walk","activities":["Stroll along safety walls of the 70m high cliff temple","Interact with cliff monkeys"]},{"title":"06:00 PM - Kecak & Fire Dance","activities":["Watch the choir of 50 men chanting around the flame","Observe sunset over the Indian Ocean"]},{"title":"08:00 PM - Jimbaran Beach Seafood","activities":["Arrive at Jimbaran white sand","Enjoy grilled lobster, prawns, and fish by candlelight"]}]","["https://images.unsplash.com/photo-1537996194471-e657df975ab4?auto=format&fit=crop&w=800&q=80"]"
"tegalalang-bali-swing-nature","Tegalalang Rice Terrace Trek & Jungle Swing Adventure","tegalalang-bali-swing-nature","bali","tegalalang","https://images.unsplash.com/photo-1604999333679-b86d54738315?auto=format&fit=crop&w=800&q=80","Trek the emerald terraced valley of Tegalalang, learn traditional rice farming techniques, and soar above the jungle canopy on the iconic Bali Swing.","5 Hours","435000","4.6","154","Adventure and Challenge","["Scenic terrace trekking","High-adrenaline jungle swing","Insta-famous photo spots","Coconut water refreshment"]","["Entrance fees","Swing ticket","Safety harness","Mineral water","Local trekking guide"]","["Hotel transport (optional extra)","Lunch","Gratuities"]","Tegalalang Visitor Counter main entrance","[{"title":"08:00 AM - Morning Hike","activities":["Begin walk into the steep valley","Learn subak irrigation tunnels","Interact with local farmers"]},{"title":"10:00 AM - Bali Swing Experience","activities":["Safety briefing and harness fitting","Fly 20 meters above coconut trees","Relax in bird nest photo spots"]},{"title":"12:00 PM - Coconut Break","activities":["Fresh young coconut drink at valley edge cafe","Return hike"]}]","["https://images.unsplash.com/photo-1604999333679-b86d54738315?auto=format&fit=crop&w=800&q=80"]"
"nusa-penida-snorkeling","Nusa Penida East Coast Snorkeling & Beach Program","nusa-penida-snorkeling","bali","nusa-penida","https://images.unsplash.com/photo-1507525428034-b723cf961d3e?auto=format&fit=crop&w=800&q=80","Fast boat to Nusa Penida island, visit the dinosaur-shaped Kelingking Cliff, and snorkel with majestic Manta Rays at Manta Point.","10 Hours","1425000","4.9","267","Adventure and Challenge","["Swim with Manta Rays","Fast boat roundtrip tickets","T-rex shape Kelingking Beach viewpoint","Broken Beach & Angel Billabong"]","["Fast boat ticket","Snorkeling equipment","Boat captain & guide","Indonesian lunch buffet","Air-conditioned island car"]","["Manta Ray conservation contribution ($2)","Personal souvenirs"]","Sanur Harbor Boat Counter","[{"title":"07:00 AM - Sanur Departure","activities":["Check-in at Sanur harbor","Board express catamaran to Nusa Penida"]},{"title":"08:30 AM - Snorkeling Safari","activities":["Board snorkeling boat","Swim with mantas at Manta Bay","Snorkel Crystal Bay coral reefs"]},{"title":"12:30 PM - Beachfront Lunch","activities":["Relax and enjoy local fried rice or noodles"]},{"title":"02:00 PM - Kelingking Cliff Trek","activities":["Walk the cliff ridge at Kelingking Beach","Photo opportunities","Return to harbor"]}]","["https://images.unsplash.com/photo-1507525428034-b723cf961d3e?auto=format&fit=crop&w=800&q=80"]"
"bali-luxury-yacht-cruise","Nusa Lembongan Luxury Catamaran Day Cruise","bali-luxury-yacht-cruise","bali","nusa-penida","https://images.unsplash.com/photo-1505118380757-91f5f5632de0?auto=format&fit=crop&w=800&q=80","Sail in style on a 64-foot luxury catamaran, enjoy ocean water sports, and relax at a private beach club in Nusa Lembongan.","8 Hours","2385000","4.9","94","Culinary Journey","["Sailing on premium catamaran","Unlimited banana boat & kayaking","Beach club pool access","BBQ lunch buffet"]","["Hotel transfers","Sailing cruise","Snorkeling program","BBQ Buffet lunch","Wine & beer on return sail"]","["Premium spirits","Spa treatments"]","Benoa Harbor Yacht Terminal","[{"title":"09:00 AM - Benoa Harbor Sail","activities":["Welcome cocktail on board","Set sail for Nusa Lembongan"]},{"title":"10:30 AM - Snorkeling & Water Sports","activities":["Anchor at pontoon","Snorkeling, banana boat rides, and waterslides"]},{"title":"01:00 PM - BBQ Beach Lunch","activities":["Indonesian-Western barbecue buffet at private Beach Club"]},{"title":"03:30 PM - Sailing Return","activities":["Relax on net decks with sunset music and complimentary drinks"]}]","["https://images.unsplash.com/photo-1505118380757-91f5f5632de0?auto=format&fit=crop&w=800&q=80"]"
"bali-spiritual-yoga-retreat","Ubud Spiritual Cleansing & Yoga Healing Session","bali-spiritual-yoga-retreat","bali","ubud-monkey-forest","https://images.unsplash.com/photo-1544367567-0f2fcb009e0b?auto=format&fit=crop&w=800&q=80","Immerse in Bali's spiritual heartland. Experience a Holy Water purification ceremony at Tirta Empul and private yoga session in Ubud.","6 Hours","975000","4.8","112","Community and Social Impact","["Melukat Water purification ritual","Private yoga instructor","Jungle-facing shala session","Healthy vegan lunch"]","["All ceremonial offerings & sarongs","Yoga mat & instructor","Organic cold-pressed juice","Transports"]","["Spa tips"]","Ubud central pick up point","[{"title":"07:30 AM - Water Temple Purification","activities":["Visit Tirta Empul holy spring temple","Undergo Melukat ritual guided by priest"]},{"title":"10:00 AM - Yoga and Sound Healing","activities":["Pranayama breathing and gentle vinyasa yoga flow","Tibetan singing bowl sound bath"]},{"title":"12:30 PM - Wellness Vegan Lunch","activities":["Organic plant-based meal at organic cafe in Ubud"]}]","["https://images.unsplash.com/photo-1544367567-0f2fcb009e0b?auto=format&fit=crop&w=800&q=80"]"
"jakarta-historical-batavia","Old Batavia Colonial Walking Program","jakarta-historical-batavia","jakarta","kota-tua","https://images.unsplash.com/photo-1596402184320-417e7178b2cd?auto=format&fit=crop&w=800&q=80","Step back in time to 17th-century colonial Batavia. Explore historic plazas, Dutch canals, and colonial buildings on foot and vintage bicycle.","4 Hours","375000","4.6","89","Cultural Immersion","["Fatahillah Square history","Vintage colonial bicycle ride","Fascinating Dutch canal walks","Coffee stop at historic Cafe Batavia"]","["Local historian guide","Museum entrance fees","Bicycle & helmet rental","Traditional snack platter"]","["Lunch","Tips"]","Fatahillah Square fountain","[{"title":"08:30 AM - Fatahillah Square Meetup","activities":["Historic briefing of VOC administration","Explore Jakarta History Museum"]},{"title":"10:00 AM - Ontel Bicycle Ride","activities":["Ride vintage colorful bicycles around Sunda Kelapa historic harbor","See wooden pinisi sailing ships"]},{"title":"11:30 AM - Cafe Batavia Coffee","activities":["Enjoy iced coffee or tea at the famous 1930s colonial Cafe Batavia","Wrap-up Q&A"]}]","["https://images.unsplash.com/photo-1596402184320-417e7178b2cd?auto=format&fit=crop&w=800&q=80"]"
"jakarta-modern-landmark","Jakarta Modern Skyscrapers & Monas Sightseeing","jakarta-modern-landmark","jakarta","monas","https://images.unsplash.com/photo-1505118380757-91f5f5632de0?auto=format&fit=crop&w=800&q=80","Explore the highlights of modern Jakarta. Visit the National Monument (Monas), Istiqlal Mosque, and Cathedral, and see the futuristic skyline.","6 Hours","525000","4.5","76","Cultural Immersion","["Go up Monas observation deck","Visit Southeast Asia's largest mosque","See Jakarta Cathedral","Private air-conditioned transit"]","["Transport with driver","All entrance tickets","Istiqlal mosque program guide","Water"]","["Meals"]","Hotel Lobby (Central/South Jakarta)","[{"title":"09:00 AM - National Monument Monas","activities":["Visit Independence Museum inside basement","Lift up to 115m high observation deck for city views"]},{"title":"11:30 AM - Interfaith Landmark Program","activities":["Guided program of Istiqlal Mosque","Walk across street to historic Gothic Jakarta Cathedral"]},{"title":"01:30 PM - City Drive & Modern Landmarks","activities":["Drive through Sudirman-Thamrin financial district","Return to hotel"]}]","["https://images.unsplash.com/photo-1505118380757-91f5f5632de0?auto=format&fit=crop&w=800&q=80"]"
"jakarta-taman-mini-culture","Taman Mini Indonesia Cultural Heritage Program","jakarta-taman-mini-culture","jakarta","taman-mini","https://images.unsplash.com/photo-1620127252536-03bdfcf6d5c3?auto=format&fit=crop&w=800&q=80","Experience all of Indonesia in one day. Visit traditional houses of various provinces, ride cable cars, and view beautiful miniature archipelagos.","7 Hours","675000","4.7","104","Cultural Immersion","["Explore 38 provincial pavilions","Ride cable car over miniature Indonesia","Museum of Indonesia tickets","Sundanese lunch"]","["Private vehicle transit","Entry tickets & cable car ticket","Provincial guide explanation","Indonesian lunch"]","["Additional museum tickets (optional)"]","Hotel Lobby (Jakarta areas)","[{"title":"08:30 AM - Transit to TMII","activities":["Drive via toll road to East Jakarta"]},{"title":"09:30 AM - Cable Car & Miniature Lake","activities":["Ride aerial cable car","View the miniature islands of Indonesian archipelago in the central lake"]},{"title":"11:00 AM - Provincial Houses Exploration","activities":["Walk through West Sumatra, Bali, and Papua traditional pavilions","Observe structural woodcrafts"]},{"title":"01:00 PM - Sundanese Lunch & Museum visit","activities":["Dine at lakeside restaurant","Visit Indonesia Museum containing rich Royal batik collections","Return to hotel"]}]","["https://images.unsplash.com/photo-1620127252536-03bdfcf6d5c3?auto=format&fit=crop&w=800&q=80"]"
"jakarta-foodie-street-adventure","Jakarta Culinary Night Street Food Program","jakarta-foodie-street-adventure","jakarta","kota-tua","https://images.unsplash.com/photo-1563379091339-03b21ab4a4f8?auto=format&fit=crop&w=800&q=80","Taste your way through Jakarta's legendary street food corners. Sample authentic Satay, Kerak Telor, Martabak, and local coffee.","4 Hours","450000","4.8","145","Cultural Immersion","["Eat iconic Betawi Kerak Telor","Visit lively street markets","Try sweet chocolate-cheese Martabak","Travel by local motorized Bajaj"]","["All food samples (8+ dishes)","Local culinary guide","Mineral water","Bajaj transport during program"]","["Alcoholic drinks","Personal medication"]","Menteng Central Park","[{"title":"06:00 PM - Meeting & Bajaj ride","activities":["Meet foodie guide","Board three-wheeled gas-powered Bajaj","Drive to street food market"]},{"title":"06:30 PM - Savory Bites","activities":["Sample charcoal-grilled chicken satay with rich peanut sauce","Taste Kerak Telor (spiced egg and coconut pancake)"]},{"title":"08:30 PM - Sweet Martabak & Coffee","activities":["Watch vendors prepare Martabak Manis","Taste traditional Java coffee","Conclude program"]}]","["https://images.unsplash.com/photo-1563379091339-03b21ab4a4f8?auto=format&fit=crop&w=800&q=80"]"
"jakarta-luxury-shopping-vip","Jakarta Elite Lifestyle & Luxury Shopping Day","jakarta-luxury-shopping-vip","jakarta","monas","https://images.unsplash.com/photo-1519741497674-611481863552?auto=format&fit=crop&w=800&q=80","Indulge in a VIP shopping spree through Jakarta's premier luxury malls with a personal stylist, followed by fine dining and high tea.","8 Hours","3735000","4.9","32","Culinary Journey","["Personal shopping guide/stylist","VIP lounge access at Grand Indonesia","Fine-dining French-Indonesian dinner","Luxury Mercedes-Benz S-Class transit"]","["Mercedes limousine service","Personal shopper assistant","Premium afternoon high tea","Multi-course fine dining menu"]","["Shopping purchases","Alcoholic wines"]","Five-star hotel pickup in Jakarta","[{"title":"10:00 AM - Luxury Limousine Pickup","activities":["Meet private concierge","Transit to Plaza Indonesia luxury wing"]},{"title":"11:00 AM - Guided Spree & VIP Lounging","activities":["Curated shop visits","Access to exclusive lounge for coffee & relaxation"]},{"title":"03:00 PM - Premium High Tea","activities":["Indulge in pastries and gourmet teas at top salon"]},{"title":"06:30 PM - Gastronomy Fine Dining","activities":["Multi-course tasting dinner at top-rated skyscraper restaurant overlooking Jakarta night lights"]}]","["https://images.unsplash.com/photo-1519741497674-611481863552?auto=format&fit=crop&w=800&q=80"]"
"yogyakarta-borobudur-sunrise","Borobudur Sunrise & Village Cycling Program","yogyakarta-borobudur-sunrise","yogyakarta","borobudur","https://images.unsplash.com/photo-1584810359583-96fc3448beaa?auto=format&fit=crop&w=800&q=80","Witness the sunrise over Borobudur from Punthuk Setumbu hill, explore the temple structure, and cycle through rustic rice villages.","9 Hours","1275000","5","567","Cultural Immersion","["Breathtaking sunrise viewpoint","Guided climb of Borobudur temple","Bicycle ride through local Javanese villages","Traditional Javanese breakfast"]","["AC minivan transfers","All entry tickets","Javanese bicycle rental","Guided temple program","Buffet breakfast"]","["Climb-up temple special ticket ($25 supplement, must book in advance)","Lunch","Tips"]","Hotel lobby (Yogyakarta city center) at 03:30 AM","[{"title":"03:30 AM - Early Morning Pickup","activities":["Drive through Javanese countryside under stars"]},{"title":"04:45 AM - Sunrise Punthuk Setumbu","activities":["Walk up hill deck","Watch sun rise behind Mount Merapi, illuminating mist around Borobudur temple"]},{"title":"06:30 AM - Borobudur Exploration","activities":["Program the massive stupa platforms","Inspect relief carvings of Buddha life"]},{"title":"09:00 AM - Rural Village Cycling","activities":["Ride vintage bicycles through rural houses","Visit local tofu makers and clay pottery craftsmen","Enjoy traditional lunch and return"]}]","["https://images.unsplash.com/photo-1584810359583-96fc3448beaa?auto=format&fit=crop&w=800&q=80","https://images.unsplash.com/photo-1579294819770-5b1285074b62?auto=format&fit=crop&w=800&q=80"]"
"yogyakarta-prambanan-sunset-ballet","Prambanan Hindu Temple & Ramayana Ballet Show","yogyakarta-prambanan-sunset-ballet","yogyakarta","prambanan","https://images.unsplash.com/photo-1604999333679-b86d54738315?auto=format&fit=crop&w=800&q=80","Explore the high towers of Prambanan at sunset, followed by a buffet dinner and the legendary Ramayana dance performance with the illuminated temple as a backdrop.","8 Hours","1035000","4.9","294","Cultural Immersion","["Explore Prambanan temple compound","Sunset photos of high stone spires","Premium seats for Ramayana Ballet","Open-air buffet dinner"]","["Hotel pickups","All entry fees","VIP theater ticket","Javanese buffet dinner"]","["Personal beverages","Guide gratuities"]","Yogyakarta hotels","[{"title":"01:30 PM - Afternoon Pickup","activities":["Drive to Prambanan plains east of Yogyakarta"]},{"title":"02:30 PM - Candi Sewu & Prambanan program","activities":["Explore neighboring Buddhist Sewu temple","Walk central Shiva temple at Prambanan","Learn mythological prince Bandung Bondowoso legend"]},{"title":"05:30 PM - Sunset & Dinner","activities":["Photograph spires against orange sky","Dine at Prambanan Garden Restaurant overlooking floodlit temples"]},{"title":"07:30 PM - Ramayana Ballet Performance","activities":["Watch performance of 200 dancers depicting Prince Rama rescuing Princess Shinta","Return to hotel"]}]","["https://images.unsplash.com/photo-1604999333679-b86d54738315?auto=format&fit=crop&w=800&q=80"]"
"yogyakarta-heritage-palace","Yogyakarta Royal Palace, Water Castle & Batik Workshop","yogyakarta-heritage-palace","yogyakarta","keraton-yogyakarta","https://images.unsplash.com/photo-1579294819770-5b1285074b62?auto=format&fit=crop&w=800&q=80","Explore the Sultan's palace (Keraton), walk the underground tunnels of Taman Sari Water Castle, and paint your own traditional batik cloth.","6 Hours","585000","4.7","167","Cultural Immersion","["Guided Royal Palace program","Taman Sari underground pool tunnels","Make-your-own-batik class","Traditional horse cart ride (Andong)"]","["Entrance fees","Batik master class & materials","Local museum guide","Traditional Javanese lunch"]","["Drinks","Tips"]","Keraton Main Gate clock tower","[{"title":"08:30 AM - Sultan Palace Program","activities":["Explore historical royal quarters","Observe court relics, antique weapons, and royal gifts"]},{"title":"10:30 AM - Taman Sari Water Castle","activities":["Walk private royal bathing pools","Walk the underground mosques and escape tunnels"]},{"title":"12:00 PM - Batik Workshop & Lunch","activities":["Paint wax patterns (malam) on cloth using copper pen (canting)","Eat local Gudeg (jackfruit stew) for lunch","Take home your batik masterpiece"]}]","["https://images.unsplash.com/photo-1579294819770-5b1285074b62?auto=format&fit=crop&w=800&q=80"]"
"yogyakarta-merapi-jeep-adventure","Mount Merapi Volcano Lava Jeep Safari","yogyakarta-merapi-jeep-adventure","yogyakarta","borobudur","https://images.unsplash.com/photo-1584810359583-96fc3448beaa?auto=format&fit=crop&w=800&q=80","Ride an open-top 4x4 vintage jeep through volcanic ash paths of active Mount Merapi. Visit underground bunkers and lava museum ruins.","5 Hours","675000","4.8","228","Adventure and Challenge","["Vintage open 4x4 Jeep ride","Explore volcano lava paths","Visit Kaliadem underground bunker","Volcano ruins museum entry"]","["Roundtrip hotel transport","Private 4x4 Jeep with driver","Safety helmet","All park fees","Bottled water"]","["Personal masks","Lunch"]","Yogyakarta hotels pickup","[{"title":"07:30 AM - Drive to Merapi slope","activities":["Travel north to Kaliurang jeep basecamp"]},{"title":"08:30 AM - 4x4 Jeep Exploration","activities":["Board open-air vintage Willys Jeep","Drive through rocky trails left by 2010 eruption lava flow"]},{"title":"09:30 AM - Underground Bunker & Ruins","activities":["Visit bunker where volcanic ash trapped survivors","Explore Alien Rock shape","See ruined houses museum showing melted items"]}]","["https://images.unsplash.com/photo-1584810359583-96fc3448beaa?auto=format&fit=crop&w=800&q=80"]"
"yogyakarta-cave-tubing-pindul","Pindul Cave River Tubing & Jomblang Cave Descent","yogyakarta-cave-tubing-pindul","yogyakarta","malioboro","https://images.unsplash.com/photo-1507525428034-b723cf961d3e?auto=format&fit=crop&w=800&q=80","Descend 60 meters into vertical Jomblang Cave to see the breathtaking ""Light of Heaven"" sunbeams, followed by tube floating in Pindul cave.","9 Hours","1650000","4.9","145","Adventure and Challenge","["Rappel down into Jomblang cave","Witness the celestial \"Light of Heaven\"","Float on inner tubes through cave rivers","Local traditional lunch"]","["Private vehicle transit","Caving equipment & instructors","Rappelling crew","Tube rental & life jacket","Indonesian lunch box"]","["Gratuities"]","Hotel Lobby pickup at 06:30 AM","[{"title":"06:30 AM - Departure to Gunung Kidul","activities":["Drive through limestone hills"]},{"title":"08:00 AM - Jomblang Cave Descent","activities":["Equip harnesses and boots","Lowered by ropes 60m down into ancient sinkhole forest","Walk dark muddy tunnels to view light beams"]},{"title":"12:30 PM - Lunch & River Tubing","activities":["Eat local boxed lunch","Float on inner tubes along cave river under bats and stalactites"]}]","["https://images.unsplash.com/photo-1507525428034-b723cf961d3e?auto=format&fit=crop&w=800&q=80"]"
"yogyakarta-royal-palace-luxury-royal-dinner","Yogyakarta VIP Royal Palace Program & Exclusive Sultan Dinner","yogyakarta-royal-palace-luxury-royal-dinner","yogyakarta","keraton-yogyakarta","https://images.unsplash.com/photo-1544367567-0f2fcb009e0b?auto=format&fit=crop&w=800&q=80","Gain exclusive after-hours access to royal palace wings not open to public, followed by a luxury banquet dinner inside the palace grounds serving secret Sultan recipes.","5 Hours","2985000","4.9","18","Culinary Journey","["VIP royal palace access","Gamelan musical welcome","Sultan-cuisine banquet dinner","Exclusive palace souvenir gift"]","["Hotel limousine transfer","Royal palace permit fees","Private royal guide","Multi-course banquet meal","Cultural dance show"]","["Tips"]","Five-star hotel pickup in Yogyakarta","[{"title":"05:00 PM - Palace Limousine Transfer","activities":["Board private executive vehicle to Keraton"]},{"title":"05:30 PM - VIP After-Hours Program","activities":["Guided program of royal chambers and private archives","Gamelan musical performance welcome"]},{"title":"07:00 PM - Royal Banquet Feast","activities":["Dine inside historical royal pavilion","Sample traditional slow-cooked beef and desserts reserved for royal families"]}]","["https://images.unsplash.com/photo-1544367567-0f2fcb009e0b?auto=format&fit=crop&w=800&q=80"]"
"bandung-volcano-lembang","Tangkuban Perahu Volcano & Hot Springs Day Program","bandung-volcano-lembang","bandung","tangkoeban-perahoe","https://images.unsplash.com/photo-1579294819770-5b1285074b62?auto=format&fit=crop&w=800&q=80","Peer into the giant smoking crater of Tangkuban Perahu, bathe in Ciater sulfurous hot springs, and visit local civet coffee plantations.","8 Hours","825000","4.5","198","Nature and Eco-Tourism","["Walk Tangkuban Perahu crater edge","Bathe in Ciater volcanic mineral pools","Civet coffee Luwak tasting session","Visit strawberry farms"]","["Minivan transport","All park admissions & hot spring entry","Local guide driver","Sundanese lunch platter"]","["Volcano guide tip","Strawberry picking costs"]","Bandung hotels","[{"title":"08:00 AM - Lembang Mountain Drive","activities":["Travel north to Tangkuban Perahu slope"]},{"title":"09:30 AM - Active Crater Walk","activities":["Explore Ratu Crater, see sulfuric smoke plumes","Learn legend of Sangkuriang"]},{"title":"12:00 PM - Volcanic Hot Springs","activities":["Soak in warm sulfur streams of Ciater springs","Luwak coffee tasting and traditional lunch"]}]","["https://images.unsplash.com/photo-1579294819770-5b1285074b62?auto=format&fit=crop&w=800&q=80"]"
"bandung-kawah-putih-tea-lake","Ciwidey Kawah Putih Crater Lake & Tea Estate Program","bandung-kawah-putih-tea-lake","bandung","kawah-putih","https://images.unsplash.com/photo-1584810359583-96fc3448beaa?auto=format&fit=crop&w=800&q=80","Explore the surreal turquoise waters of Kawah Putih, stroll through Rancabali tea fields on suspended bridges, and dine in lakeside bamboo cottages.","9 Hours","735000","4.7","142","Nature and Eco-Tourism","["Surreal volcanic green lake views","Walk Rancabali tea estate bridges","Dine at Phinisi Boat Restaurant","Private transport from Bandung"]","["Transport with driver","Kawah Putih tickets & shuttle","Tea estate access","Lakeside lunch"]","["Suspension bridge ticket supplement ($2)"]","Bandung central hotels","[{"title":"07:30 AM - Ciwidey Drive","activities":["Travel south past strawberry farms and pine forests"]},{"title":"09:30 AM - Kawah Putih Exploration","activities":["Board Ontang-Anting shuttle to crater summit","Walk shoreline of sulfur green lake"]},{"title":"12:00 PM - Rancabali Tea Fields","activities":["Walk wooden bridge pathways through lush green tea valleys","BBQ lunch at Phinisi Lakeside Restaurant"]}]","["https://images.unsplash.com/photo-1584810359583-96fc3448beaa?auto=format&fit=crop&w=800&q=80"]"
"bandung-eco-dusun-bambu","Dusun Bambu Eco Cultural Leisure Experience","bandung-eco-dusun-bambu","bandung","dusun-bambu","https://images.unsplash.com/photo-1620127252536-03bdfcf6d5c3?auto=format&fit=crop&w=800&q=80","Spend a relaxing day in Dusun Bambu. Enjoy traditional Sundanese culinary treats, paddle wooden boats around a pristine lake, and walk bamboo forests.","6 Hours","525000","4.6","88","Cultural Immersion","["Scenic lakeside dining cottages","Traditional Sundanese live music","Row wooden boats on lake","Eco-friendly bamboo walks"]","["All admission tickets","Lakeside cottage table reservation","Wooden boat ride ticket","Lunch credit voucher"]","["Shopping purchases","Hotel pickup (optional supplement)"]","Dusun Bambu Main Ticketing Gate","[{"title":"10:00 AM - Dusun Bambu Arrival","activities":["Board floral shuttle car into park","Walk lavender gardens and bamboo pathways"]},{"title":"11:00 AM - Lakeside Boating","activities":["Row wooden boats on central lake past floating huts","Feed ornamental koi fish"]},{"title":"12:30 PM - Sundanese Feast","activities":["Dine inside bamboo nest huts (Lutung Kasarung) serving grilled chicken and spiced rice"]}]","["https://images.unsplash.com/photo-1620127252536-03bdfcf6d5c3?auto=format&fit=crop&w=800&q=80"]"
"bandung-shopping-factory-outlets","Bandung Heritage Outlets & Fashion Spree","bandung-shopping-factory-outlets","bandung","dusun-bambu","https://images.unsplash.com/photo-1519741497674-611481863552?auto=format&fit=crop&w=800&q=80","Hunt for bargains in Bandung's world-famous factory outlets. Shop along Jalan Riau and Dago, and visit design concept stores.","7 Hours","375000","4.4","65","Culinary Journey","["Visit top Riau factory outlets","Shop premium local fashion brands","Dine at vintage Dutch colonial cafes","Private driver during shopping"]","["Private car with driver","Parking fees","Mineral water","Discount coupons"]","["Shopping purchases","Meals"]","Bandung central hotels","[{"title":"10:00 AM - Outlet Shopping Spree","activities":["Visit top outlets: Rumah Mode and Heritage","Bargain hunt designer labels"]},{"title":"01:00 PM - Colonial Lunch","activities":["Dine at colonial mansion cafe serving Dutch-Indo fusion food"]},{"title":"03:00 PM - Creative Concept Stores","activities":["Explore local indie boutiques and ceramic studios","Return to hotel"]}]","["https://images.unsplash.com/photo-1519741497674-611481863552?auto=format&fit=crop&w=800&q=80"]"
"bandung-private-tea-spa-retreat","Lembang Luxury Tea Estate & Volcanic Spa Ritual","bandung-private-tea-spa-retreat","bandung","tangkoeban-perahoe","https://images.unsplash.com/photo-1544367567-0f2fcb009e0b?auto=format&fit=crop&w=800&q=80","Immerse in pure highland relaxation. Enjoy a private walk through rolling tea fields followed by a volcanic clay body scrub and thermal massage.","6 Hours","2025000","4.8","42","Community and Social Impact","["Private tea master walk","Volcanic clay body scrub","Highland mineral pool soak","Private massage suite"]","["Private Mercedes-Benz shuttle","Tea estate permit & guide","120-minute spa package","Traditional herbal tea & snacks"]","["Meals","Tips"]","Bandung luxury hotel lobby","[{"title":"08:30 AM - Highland Transit","activities":["Sleek luxury car ride into mist-covered Lembang mountains"]},{"title":"09:30 AM - Tea Estate Serenity","activities":["Private stroll through private tea rows","Learn traditional tea harvesting"]},{"title":"11:00 AM - Volcanic Spa Ritual","activities":["Enjoy thermal volcanic mud wrap and Swedish hot-stone massage overlooking lush valleys"]}]","["https://images.unsplash.com/photo-1544367567-0f2fcb009e0b?auto=format&fit=crop&w=800&q=80"]"
"lombok-gili-snorkeling-boat","Gili Islands 3-Island Private Snorkeling Boat Program","lombok-gili-snorkeling-boat","lombok","gili-islands","https://images.unsplash.com/photo-1530948990335-1eb93cbe6430?auto=format&fit=crop&w=800&q=80","Board a private glass-bottom boat to snorkel the Gili Islands. Visit the underwater human statues at Gili Meno and swim with wild turtles at Gili Trawangan.","8 Hours","975000","4.9","312","Adventure and Challenge","["Private glass-bottom boat","Snorkel Gili Meno underwater statues","Swim with green sea turtles","Beach exploration at Gili Air"]","["Private boat charter","All snorkeling gear & life jackets","Underwater GoPro photo files","Pickups from Lombok mainland","Local boat captain & guide"]","["Lunch expenses at Gili beach restaurant"]","Teluk Nare Harbor / Senggigi hotel lobby","[{"title":"08:30 AM - Harbor Departure","activities":["Board private glass-bottom boat at Teluk Nare"]},{"title":"09:30 AM - Gili Meno Statues","activities":["Snorkel Nest, the famous ring of 48 life-size human statues underwater"]},{"title":"11:30 AM - Gili Trawangan Turtle Reef","activities":["Snorkel coral reefs, observe giant green sea turtles feeding"]},{"title":"01:00 PM - Beach Lunch Gili Air","activities":["Dine beachfront, explore Gili Air on foot or horse cart","Return to Lombok mainland"]}]","["https://images.unsplash.com/photo-1530948990335-1eb93cbe6430?auto=format&fit=crop&w=800&q=80"]"
"lombok-rinjani-2day-trek","Mount Rinjani Caldera & Crater Rim 2-Day Trek","lombok-rinjani-2day-trek","lombok","rinjani-volcano","https://images.unsplash.com/photo-1537953773345-d172ccf13cf1?auto=format&fit=crop&w=800&q=80","Challenging 2-day trek to Mount Rinjani Senaru Crater Rim. Watch the sunset over Bali's Mt. Agung and camp above the clouds next to Segara Anak lake.","2 Days","2775000","4.8","174","Adventure and Challenge","["Camp at Senaru Crater Rim (2641m)","Sunset views over clouds and Bali","Porters carry all tents and food","Hearty meals prepared by campfire"]","["National Park entry permits & insurance","Local mountain guide & porters","Camping equipment (tent, sleeping bags, mattress)","5 campfire meals","Water","Minivan transfers"]","["Trekking shoes and jackets","Tipping guide & porters ($15 recommendation)"]","Rinjani National Park Office, Senaru at 07:00 AM","[{"title":"Day 1: Senaru Village to Crater Rim","activities":["Register at park office","Hike through rainforest shadow trails (5-6 hours)","Set up camp at Senaru Crater Rim","Dinner with sunset views over crater lake"]},{"title":"Day 2: Rim Sunrise & Descent","activities":["Watch spectacular sunrise over Mt. Rinjani peak","Breakfast","Descend Senaru trail back to village (4-5 hours)","Transfer back to hotel"]}]","["https://images.unsplash.com/photo-1537953773345-d172ccf13cf1?auto=format&fit=crop&w=800&q=80"]"
"lombok-twin-waterfalls-jungle","Sendang Gile & Tiu Kelep Waterfall Rainforest Hike","lombok-twin-waterfalls-jungle","lombok","sendang-gile","https://images.unsplash.com/photo-1582298538104-fc2c095a436c?auto=format&fit=crop&w=800&q=80","Walk through dense tropical rainforest on the slopes of Mount Rinjani. Cross suspension bridges and swim in the cooling pools of Tiu Kelep waterfall.","6 Hours","585000","4.7","115","Nature and Eco-Tourism","["Hike lush jungle paths","Walk under water bridge tunnels","Swim under Tiu Kelep waterfall","Monkey spotting in canopy"]","["Local forest guide","All entrance tickets","Indonesian lunch box","Minivan transfer from Senggigi"]","["Tips"]","Senaru tourist information gate","[{"title":"08:30 AM - Drive to Senaru Hills","activities":["Scenic road trip along Senggigi coastline cliffs"]},{"title":"10:00 AM - Sendang Gile waterfall","activities":["Walk down stairs to see the first twin-tiered waterfall","Enjoy misty air"]},{"title":"11:00 AM - Tiu Kelep Rainforest Hike","activities":["Cross shallow mountain stream and irrigation tunnels","Arrive at the hidden pool of Tiu Kelep waterfall","Swim in refreshing mountain water","Lunch and return"]}]","["https://images.unsplash.com/photo-1582298538104-fc2c095a436c?auto=format&fit=crop&w=800&q=80"]"
"lombok-culture-kuta-beach","Sade Sasak Village & South Lombok Beach Program","lombok-culture-kuta-beach","lombok","gili-islands","https://images.unsplash.com/photo-1530948990335-1eb93cbe6430?auto=format&fit=crop&w=800&q=80","Explore the ancestral thatch-roof homes of Sade Sasak tribe, learn traditional hand-weaving (tenun), and visit Kuta Lombok beaches.","7 Hours","525000","4.6","96","Cultural Immersion","["Explore historical Sasak village","Hand-weaving batik demonstration","Visit white-sand Tanjung Aan Beach","See modern Mandalika GP Circuit"]","["Transport with driver","Local village guide","Entrance tickets","Lunch"]","["Shopping purchases"]","Lombok Airport / hotel pickup","[{"title":"09:00 AM - Sade Sasak Village","activities":["Program the clay-dung floors, bamboo walls, and thatch roofs","Observe tribal weaving crafts"]},{"title":"11:30 AM - Tanjung Aan Beach & lunch","activities":["Relax on fine white sand, climb Merese Hill for panoramic views","Enjoy grilled local seafood lunch"]},{"title":"02:30 PM - Mandalika Circuit photo","activities":["Photo session outside MotoGP street circuit","Return to hotel"]}]","["https://images.unsplash.com/photo-1530948990335-1eb93cbe6430?auto=format&fit=crop&w=800&q=80"]"
"lombok-luxury-gili-sailing","Exclusive Gili Air Sunset Sailing Charter","lombok-luxury-gili-sailing","lombok","gili-islands","https://images.unsplash.com/photo-1507525428034-b723cf961d3e?auto=format&fit=crop&w=800&q=80","Charter a private luxury yacht for an unforgettable sunset sail around Gili Trawangan, Meno, and Air, with gourmet catering on board.","5 Hours","2835000","4.9","28","Culinary Journey","["Private yacht charter","Champagne toast at sunset","Snorkeling with sea turtles","Gourmet seafood platter on board"]","["Private yacht, captain & crew","Gourmet appetizers and fresh seafood","1 bottle of French Champagne","Snorkeling masks","Hotel pickup"]","["Extra bottles of spirits"]","Senggigi Yacht Marina","[{"title":"02:00 PM - Board Luxury Yacht","activities":["Welcome aboard, safety briefing, set sail to Gili islands"]},{"title":"03:30 PM - Swim & Snorkel","activities":["Anchor at private reef spot, snorkel with sea turtles"]},{"title":"05:30 PM - Golden Hour Sailing","activities":["Watch sun sink behind Mt. Agung, pop Champagne, enjoy gourmet dinner on deck"]}]","["https://images.unsplash.com/photo-1507525428034-b723cf961d3e?auto=format&fit=crop&w=800&q=80"]"
"lombok-surf-camp-kuta","Kuta Lombok Beginners Surf Camp & Coaching","lombok-surf-camp-kuta","lombok","gili-islands","https://images.unsplash.com/photo-1502680390469-be75c86b636f?auto=format&fit=crop&w=800&q=80","Learn to ride the tropical waves of Lombok with certified instructors. Perfect for absolute beginners at gentle Selong Belanak beach.","4 Hours","735000","4.7","54","Adventure and Challenge","["1-on-1 surf instruction","Gentle beginner waves","Surfboard rental included","Action photos of your ride"]","["Surfboard and rash guard","Certified instructor","Mineral water","Beach lounge chairs","Roundtrip transport"]","["Lunch","Sunscreen"]","Selong Belanak Surf Shack","[{"title":"08:30 AM - Beach Warm-up","activities":["Dry-land safety briefing, paddling and pop-up drills"]},{"title":"09:30 AM - First Water Session","activities":["Instructors assist you in shallow waters, catching first white-water waves"]},{"title":"11:00 AM - Video Analysis & Break","activities":["Short rest, hydration, tips for balance"]}]","["https://images.unsplash.com/photo-1502680390469-be75c86b636f?auto=format&fit=crop&w=800&q=80"]"
"komodo-dragon-speedboat","Komodo Island Speedboat 1-Day VIP Program","komodo-dragon-speedboat","labuan-bajo","komodo-island","https://images.unsplash.com/photo-1520250497591-112f2f40a3f4?auto=format&fit=crop&w=800&q=80","Fast speedboat charter to Komodo Island, Padar viewpoint, and Pink Beach. Trek with national park rangers and snorkel with manta rays.","10 Hours","1875000","5","412","Adventure and Challenge","["VIP shared speedboat","Hike Padar island viewpoint","Trek with Komodo dragon rangers","Relax on Pink Beach sand","Snorkel with manta rays"]","["Speedboat cruise","English program host","Snorkeling equipment","Bento lunch box & fresh fruits","Labuan Bajo hotel transfers"]","["Komodo National Park entrance fees ($30/person cash cash, paid at park ranger station)"]","Labuan Bajo Public Harbor Gate","[{"title":"06:00 AM - Speedboat Boarding","activities":["Meet crew at harbor, speed towards Padar island"]},{"title":"07:30 AM - Padar Summit Hike","activities":["Climb stairs to Padar viewpoint to see three colored beaches"]},{"title":"09:30 AM - Komodo Ranger Trek","activities":["Arrive at Loh Liang, hike dry forest with rangers, spot giant Komodo dragons"]},{"title":"12:00 PM - Pink Beach Shore","activities":["Swim in warm waters, relax on pink sand shore, eat lunch"]},{"title":"02:00 PM - Manta Point Swim","activities":["Snorkel with giant manta rays, then return to Bajo"]}]","["https://images.unsplash.com/photo-1520250497591-112f2f40a3f4?auto=format&fit=crop&w=800&q=80","https://images.unsplash.com/photo-1530948990335-1eb93cbe6430?auto=format&fit=crop&w=800&q=80","https://images.unsplash.com/photo-1588668214407-6ea9a6d8c272?auto=format&fit=crop&w=800&q=80"]"
"labuan-bajo-luxury-phinisi","Komodo National Park Luxury Phinisi 3-Day Liveaboard","labuan-bajo-luxury-phinisi","labuan-bajo","komodo-island","https://images.unsplash.com/photo-1505118380757-91f5f5632de0?auto=format&fit=crop&w=800&q=80","Experience an ultra-luxury private cruise on a magnificent traditional wooden Phinisi yacht. Stay in state rooms, enjoy gourmet dining, and explore Komodo.","3 Days","9750000","5","38","Culinary Journey","["Sailing on premium wooden Phinisi","Stay in air-conditioned state cabins","Private dining with personal chef","Island beach excursions"]","["VIP airport pickup","3 days accommodation on yacht","All chef meals and beverages","Private snorkeling boat & guide","All national park entry tickets & ranger fees"]","["Alcoholic wines & spirits","Massage treatments"]","Labuan Bajo Yacht Club Harbour","[{"title":"Day 1: Sail to Padar Island","activities":["Board Phinisi yacht, welcome drinks & cabin check-in","Sail to Padar island, climb viewpoint for sunset","Candlelit dinner on deck under stars"]},{"title":"Day 2: Komodo Dragons & Pink Beach","activities":["Early morning trek to spot Komodo Dragons","Swim and picnic on Pink Beach","Manta Ray snorkeling session"]},{"title":"Day 3: Kalong Flying Foxes & Departure","activities":["Sail to Kalong island, watch thousands of flying foxes fly at sunrise","Breakfast, sail back to Bajo, airport transfer"]}]","["https://images.unsplash.com/photo-1505118380757-91f5f5632de0?auto=format&fit=crop&w=800&q=80","https://images.unsplash.com/photo-1520250497591-112f2f40a3f4?auto=format&fit=crop&w=800&q=80"]"
"labuan-bajo-cunca-wami-canyon","Cunca Wami Canyon Waterfall Rainforest Hike","labuan-bajo-cunca-wami-canyon","labuan-bajo","cunca-wami","https://images.unsplash.com/photo-1537996194471-e657df975ab4?auto=format&fit=crop&w=800&q=80","Hike through Mbeliling mountain rainforest, scramble down sandstone canyon cliffs, and swim in the blue-green natural pools of Cunca Wami.","6 Hours","675000","4.6","54","Adventure and Challenge","["Trek Flores rainforest hills","Sandstone canyon climbing","Swim in deep forest springs","Indonesian lunch at local village"]","["Transport from hotel","Forest park entry tickets","Jungle guide","Lunch box","Mineral water"]","["Tips"]","Labuan Bajo hotel pickup","[{"title":"08:00 AM - Forest Drive","activities":["Drive up winding roads into Mbeliling mountains"]},{"title":"09:00 AM - Jungle Trek","activities":["Hike dense forest paths past giant ferns and orchids"]},{"title":"10:30 AM - Canyon swimming","activities":["Arrive at canyon entrance, climb down to natural pools","Swim, try rock jumping, eat lunch box"]}]","["https://images.unsplash.com/photo-1537996194471-e657df975ab4?auto=format&fit=crop&w=800&q=80"]"
"labuan-bajo-padar-island-sunrise","Padar Island Private Sunrise & Pink Beach Cruise","labuan-bajo-padar-island-sunrise","labuan-bajo","padar-island","https://images.unsplash.com/photo-1530948990335-1eb93cbe6430?auto=format&fit=crop&w=800&q=80","Catch a private boat at 4:30 AM to climb Padar Island for an unforgettable sunrise view. Followed by a relaxing morning on Pink Beach.","7 Hours","1485000","4.9","84","Nature and Eco-Tourism","["Private boat cruise","Unforgettable sunrise on Padar summit","Secluded morning on Pink Beach","Gourmet breakfast box"]","["Private boat charter","All entry fees","Breakfast box with hot coffee/tea","English speaking host"]","["National Park fees ($30)"]","Labuan Bajo Marina harbor at 04:15 AM","[{"title":"04:30 AM - Private Departure","activities":["Board private speed cruise, sail under starry skies"]},{"title":"05:30 AM - Padar Summit climb","activities":["Climb wooden staircase, watch horizon turn red-orange, illuminating the volcanic bays"]}]","["https://images.unsplash.com/photo-1530948990335-1eb93cbe6430?auto=format&fit=crop&w=800&q=80"]"
"labuan-bajo-pink-beach-romantic-picnic","Pink Beach Private Sunset & Seafood BBQ Picnic","labuan-bajo-pink-beach-romantic-picnic","labuan-bajo","pink-beach","https://images.unsplash.com/photo-1588668214407-6ea9a6d8c272?auto=format&fit=crop&w=800&q=80","Sail to a secluded stretch of Pink Beach for a private, romantic sunset picnic. Feast on fresh lobster and red snapper grilled over coconut husks by your personal butler.","6 Hours","2625000","4.9","22","Culinary Journey","["Private beach setup","Personal butler and chef","Grilled lobster feast","Sunset sail from Komodo"]","["Speedboat transfer","Luxury beach mat & tent setup","Full BBQ seafood dinner","Chilled white wine bottle","All permits"]","["Tips"]","Labuan Bajo hotel lobby","[{"title":"02:30 PM - Cruise to Pink Beach","activities":["Enjoy speedboat ride past scenic volcanic islands"]},{"title":"04:00 PM - Beach Relaxation & Snorkel","activities":["Enjoy private canopy setup, snorkel the reef"]},{"title":"06:00 PM - Sunset BBQ Feast","activities":["Watch sunset paint the shore pink, enjoy lobster and fish grilled live on the beach"]}]","["https://images.unsplash.com/photo-1588668214407-6ea9a6d8c272?auto=format&fit=crop&w=800&q=80"]"
"labuan-bajo-diving-manta-point","Scuba Diving Day Trip - Manta Point & Castle Rock","labuan-bajo-diving-manta-point","labuan-bajo","komodo-island","https://images.unsplash.com/photo-1544551763-46a013bb70d5?auto=format&fit=crop&w=800&q=80","For certified divers. Explore Komodo's world-famous high-current dive sites. Drift past mantas at Manta Point and see sharks at Castle Rock.","8 Hours","1800000","4.9","62","Adventure and Challenge","["2 drift dives in Komodo","High chance of Manta Ray sightings","Professional PADI Divemaster guides","Custom dive catamaran boat"]","["2 tanks and weights","Full dive gear rental","Certified Divemaster (max 1:4 ratio)","Lunch and snacks on board"]","["National Park dive permit fee ($35)"]","Labuan Bajo Dive Center","[{"title":"07:30 AM - Gear Check & Sail","activities":["Briefing, load gear onto custom dive boat, sail to national park"]},{"title":"09:30 AM - Dive 1: Manta Point","activities":["Drift dive along 15m deep cleaning station, spot feeding mantas"]},{"title":"12:00 PM - Buffet Lunch on Boat","activities":["Relax on sun deck, log dives"]},{"title":"01:30 PM - Dive 2: Castle Rock","activities":["Deep sea mount dive, watch grey reef sharks, giant trevally, and schooling barracudas"]}]","["https://images.unsplash.com/photo-1544551763-46a013bb70d5?auto=format&fit=crop&w=800&q=80"]"
"surabaya-historical-sightseeing","Surabaya Heritage Colonial & Museum Program","surabaya-historical-sightseeing","surabaya","house-of-sampoerna","https://images.unsplash.com/photo-1601999109332-542b18dbec57?auto=format&fit=crop&w=800&q=80","Explore the heritage of East Java's capital. Visit House of Sampoerna, see the submarine monument, and learn history at the Heroes Monument.","6 Hours","435000","4.5","54","Cultural Immersion","["Watch live clove cigarette rolling","Program inside KRI Pasopati Submarine","Visit historic Heroes Monument","Air-conditioned transport"]","["Transport with driver","All museum entry fees","Local program guide","Traditional East Javanese lunch (Rujak Cingur)"]","["Personal tips"]","Surabaya hotels pickup","[{"title":"09:00 AM - House of Sampoerna","activities":["Explore colonial architecture, view the tobacco museum, watch workers roll 300 cigarettes per hour"]},{"title":"11:30 AM - Submarine Monument","activities":["Enter the authentic Russian Whiskey-class submarine, program the torpedo and engine rooms"]},{"title":"01:00 PM - Local Lunch & Heroes Monument","activities":["Eat authentic Surabaya peanut salad","Visit the war museum under the giant monuments spire"]}]","["https://images.unsplash.com/photo-1601999109332-542b18dbec57?auto=format&fit=crop&w=800&q=80"]"
"surabaya-suramadu-madura-culture","Suramadu Bridge & Madura Island Day Program","surabaya-suramadu-madura-culture","surabaya","suramadu-bridge","https://images.unsplash.com/photo-1589979482837-e74f2e145060?auto=format&fit=crop&w=800&q=80","Cross the magnificent Suramadu National Bridge to Madura Island. Visit traditional batik centers, see limestone cliffs of Bukit Jaddih, and sample famous duck satay.","8 Hours","735000","4.6","78","Cultural Immersion","["Cross Indonesia's longest bridge","See white limestone cliffs of Jaddih","Visit Bangkalan traditional batik village","Feast on authentic Madura Duck Satay"]","["Private car & bridge tolls","Entrance fees","Traditional lunch platter","English guide driver"]","["Gratuities"]","Surabaya hotels lobby","[{"title":"08:00 AM - Cross Suramadu Bridge","activities":["Scenic bridge drive over Madura strait"]},{"title":"09:30 AM - Bukit Jaddih Cliffs","activities":["Explore giant white limestone mining cliffs and blue swimming pools"]},{"title":"12:00 PM - Maduran Duck Lunch","activities":["Dine on Bebek Sinjay, famous spicy fried duck with mango salad"]},{"title":"02:00 PM - Tresna Art Batik","activities":["Visit traditional weaving house, see historical Maduran design methods"]}]","["https://images.unsplash.com/photo-1589979482837-e74f2e145060?auto=format&fit=crop&w=800&q=80"]"
"surabaya-bromo-midnight-sunrise","Mount Bromo Volcano Sunrise Midnight Program","surabaya-bromo-midnight-sunrise","surabaya","suramadu-bridge","https://images.unsplash.com/photo-1588668214407-6ea9a6d8c272?auto=format&fit=crop&w=800&q=80","Depart Surabaya at midnight to witness the sunrise over the volcanic landscape of Mount Bromo. Climb the crater rim and ride 4x4 jeeps across the sea of sand.","12 Hours","1650000","4.9","345","Adventure and Challenge","["Midnight departure from Surabaya","Bromo sunrise view from Penanjakan","Climb volcanic active crater steps","Cross the Sea of Sand in 4x4 Jeep"]","["Private SUV transfer from Surabaya","Shared 4x4 Jeep in Bromo","National park entrance fees","Warm breakfast","Local Bromo guide"]","["Horse ride on Sea of Sand ($10, optional)","Personal winter jackets"]","Surabaya hotels/airport pickup at 11:30 PM","[{"title":"11:30 PM - Depart Surabaya","activities":["Midnight drive south to Probolinggo village"]},{"title":"02:30 AM - Board 4x4 Jeep","activities":["Switch to 4x4 Jeep, drive up Mount Penanjakan through dark forest"]},{"title":"04:30 AM - Bromo Sunrise Show","activities":["Watch sun illuminate Mount Bromo crater and Mount Semeru volcano against mist clouds"]},{"title":"06:30 AM - Sea of Sand & Crater hike","activities":["Drive Jeep down to Sea of Sand","Walk or ride horse to volcano base, climb 250 steps to active smoking crater rim"]},{"title":"09:00 AM - Breakfast & return","activities":["Enjoy hot breakfast at local lodge, drive back to Surabaya"]}]","["https://images.unsplash.com/photo-1588668214407-6ea9a6d8c272?auto=format&fit=crop&w=800&q=80"]"
"surabaya-foodie-culinary-program","Surabaya Legendary Night Food Crawl","surabaya-foodie-culinary-program","surabaya","house-of-sampoerna","https://images.unsplash.com/photo-1563379091339-03b21ab4a4f8?auto=format&fit=crop&w=800&q=80","Taste Surabaya's best night markets. Try rich black beef soup (Rawon), savory tofu omelets (Tahu Tek), and sweet pancakes.","4 Hours","375000","4.7","68","Cultural Immersion","["Try legendary Rawon black soup","Taste authentic street food stalls","Sample local ginger drinks (Wedang)","Experienced food guide"]","["All food & drink tastings (7+ items)","Local culinary guide","Minivan transfers between spots"]","["Gratuities"]","Surabaya Town Square","[{"title":"06:00 PM - Rawon Setan start","activities":["Sample the famous \"Satanic\" midnight black beef soup flavored with black nuts (keluak)"]},{"title":"07:30 PM - Tahu Tek stall","activities":["Watch vendor slice tofu and potatoes with scissors, served with rich sweet shrimp-paste peanut sauce"]},{"title":"09:00 PM - Traditional Ginger Tea","activities":["Dine at roadside table, drink warm herbal ginger teas, return to hotel"]}]","["https://images.unsplash.com/photo-1563379091339-03b21ab4a4f8?auto=format&fit=crop&w=800&q=80"]"
"surabaya-private-yacht-madura-strait","Private Yacht Charter - Madura Strait Sunset Cruise","surabaya-private-yacht-madura-strait","surabaya","suramadu-bridge","https://images.unsplash.com/photo-1505118380757-91f5f5632de0?auto=format&fit=crop&w=800&q=80","Charter a luxury private yacht to cruise the Madura Strait. Pass beneath the illuminated Suramadu Bridge at sunset and enjoy a gourmet sushi dinner.","4 Hours","4485000","4.9","12","Culinary Journey","["Private yacht charter","Sail under Suramadu Bridge at sunset","Gourmet Japanese-Indonesian fusion dinner","Chilled mocktails and wine"]","["Yacht rental, captain & crew","Gourmet dinner & drinks","All harbor permits","Limousine pickup"]","["Tips"]","Surabaya Tanjung Perak Yacht Club","[{"title":"04:00 PM - Board Luxury Yacht","activities":["Welcome drinks, check-in, set sail along Surabaya harbor"]},{"title":"05:30 PM - Suramadu Sunset Sail","activities":["Position yacht under the bridge as sunset colors the sky and bridge lights turn on","Enjoy gourmet dinner"]}]","["https://images.unsplash.com/photo-1505118380757-91f5f5632de0?auto=format&fit=crop&w=800&q=80"]"
"surabaya-golf-luxury-day","Surabaya VIP Golf Championship Course Day","surabaya-golf-luxury-day","surabaya","sub-monument","https://images.unsplash.com/photo-1587174486073-ae5e5cff23aa?auto=format&fit=crop&w=800&q=80","Play 18 holes at Ciputra Golf Club, East Java's largest championship golf course, with VIP service, caddy, and premium club rental.","6 Hours","2235000","4.7","24","Culinary Journey","["Play at 18-hole championship course","VIP private cart and premium caddy service","Access to exclusive Clubhouse locker & restaurant","High-end Taylormade club sets"]","["18-hole green fees","Private buggy/cart","Professional caddy service","Taylormade club set rental","Executive lunch at clubhouse"]","["Caddy tips ($15 recommendation)"]","Ciputra Golf Club Pro Shop","[{"title":"06:30 AM - Registration & Warm-up","activities":["Check-in at pro shop, pick up rental clubs, warm-up at driving range"]},{"title":"07:00 AM - Tee Off 18 Holes","activities":["Play 18 holes through scenic hills and lakes courses, caddy assisting yardages"]},{"title":"11:30 AM - VIP Club Lunch","activities":["Shower, relax, enjoy gourmet lunch at members restaurant"]}]","["https://images.unsplash.com/photo-1587174486073-ae5e5cff23aa?auto=format&fit=crop&w=800&q=80"]"